DOI,publication_date,total_size_kb,num_files,verified_note,bash,stata,julia,python,R,C,C++,Matlab,fortran,SAS,Java,SPSS,Mathematica,PHP,Scilab,ArcGIS
10.7910/DVN/29911,2015-04-06,826713.75,37,True,0,0,0,0,3,0,0,0,0,0,0,0,0,0,0,0
10.7910/DVN/QJD1OW,2013-05-06,174202.83,2,False,0,0,0,0,0,0,0,0,0,0,0,0,0,0,0,0
10.7910/DVN/26544,2014-06-19,4149.07,3,False,0,0,0,0,1,0,0,0,0,0,0,0,0,0,0,0
10.7910/DVN/26467,2014-06-10,8200.94,1,False,0,0,0,0,0,0,0,0,0,0,0,0,0,0,0,0
10.7910/DVN/H6CUHY,2013-06-11,760.44,7,False,0,0,0,0,2,0,0,0,0,0,0,0,0,0,0,0
10.7910/DVN/QQ69RH,2012-10-29,666.18,8,False,0,2,0,0,2,0,0,0,0,0,0,0,0,0,0,0
10.7910/DVN/24387,2014-01-27,138.57,4,False,0,1,0,0,1,0,0,0,0,0,0,0,0,0,0,0
10.7910/DVN/27672,2014-10-24,1210438.38,14,False,0,2,0,0,1,0,0,0,0,0,0,0,0,0,0,0
10.7910/DVN/SQNMPH,2012-10-29,908.22,1,False,0,0,0,0,0,0,0,0,0,0,0,0,0,0,0,0
10.7910/DVN/27466,2015-01-27,33458.53,1,False,0,0,0,0,0,0,0,0,0,0,0,0,0,0,0,0
10.7910/DVN/24937,2014-03-18,21460.64,4,False,0,2,0,0,0,0,0,0,0,0,0,0,0,0,0,0
10.7910/DVN/27499,2014-10-03,423.99,4,False,0,0,0,0,0,0,0,0,0,0,0,0,0,0,0,0
10.7910/DVN/ASBWSA,2013-04-15,263.97,3,False,0,0,0,0,0,0,0,0,0,0,0,1,0,0,0,0
10.7910/DVN/AZTWDW,2013-04-15,112.86,8,False,0,1,0,0,1,0,0,0,0,0,0,0,0,0,0,0
10.7910/DVN/WZR4UH,2013-08-27,271.9,1,False,0,0,0,0,0,0,0,0,0,0,0,0,0,0,0,0
10.7910/DVN/26461,2014-06-11,83.47,3,False,0,0,0,0,1,0,0,0,0,0,0,0,0,0,0,0
10.7910/DVN/UA9G8U,2013-02-12,58437.71,5,False,0,2,0,0,0,0,0,0,0,0,0,0,0,0,0,0
10.7910/DVN/26867,2014-07-31,47.24,1,False,0,0,0,0,0,0,0,0,0,0,0,0,0,0,0,0
10.7910/DVN/PZAOO6,2012-07-27,9604.92,2,False,0,0,0,0,1,0,0,0,0,0,0,0,0,0,0,0
10.7910/DVN/26457,2014-06-10,143.03,10,False,0,0,0,0,3,0,0,0,0,0,0,0,0,0,0,0
10.7910/DVN/T1WGWG,2012-10-29,47036.7,3,False,0,0,0,0,1,0,0,0,0,0,0,0,0,0,0,0
10.7910/DVN/26652,2014-07-08,514.44,4,False,0,0,0,0,0,0,0,0,0,0,0,0,0,0,0,0
10.7910/DVN/26516,2014-06-14,4208.54,2,False,0,0,0,0,0,0,0,0,0,0,0,0,0,0,0,0
10.7910/DVN/27293,2014-09-08,26.47,4,False,0,3,0,0,0,0,0,0,0,0,0,0,0,0,0,0
10.7910/DVN/PBAW0O,2012-10-29,15.13,3,False,0,0,0,0,0,0,0,0,0,0,0,0,0,0,0,0
10.7910/DVN/SZK4NF,2013-07-29,3266.54,5,False,0,1,0,0,0,0,0,0,0,0,0,0,0,0,0,0
10.7910/DVN/XS1SDX,2013-08-27,188.03,6,False,0,3,0,0,0,0,0,0,0,0,0,0,0,0,0,0
10.7910/DVN/24506,2014-02-24,618.32,3,False,0,1,0,0,0,0,0,0,0,0,0,0,0,0,0,0
10.7910/DVN/24800,2014-03-18,806.34,12,False,0,5,0,0,0,0,0,0,0,0,0,0,0,0,0,0
10.7910/DVN/27512,2014-10-13,7933.59,6,False,0,1,0,0,0,0,0,0,0,0,0,0,0,0,0,0
10.7910/DVN/26783,2014-07-21,24.71,1,False,0,0,0,0,0,0,0,0,0,0,0,0,0,0,0,0
10.7910/DVN/26555,2014-06-23,163.66,2,False,0,0,0,0,0,0,0,0,0,0,0,0,0,0,0,0
10.7910/DVN/24128,2014-02-24,199.0,2,False,0,1,0,0,0,0,0,0,0,0,0,0,0,0,0,0
10.7910/DVN/0AQGPL,2012-07-27,248.81,1,False,0,0,0,0,0,0,0,0,0,0,0,0,0,0,0,0
10.7910/DVN/DPVRA5,2013-06-11,6377.78,18,False,0,0,0,0,4,0,0,0,0,5,0,0,0,0,0,0
10.7910/DVN/1YK9ON,2013-05-06,1225.46,2,False,0,1,0,0,0,0,0,0,0,0,0,0,0,0,0,0
10.7910/DVN/24724,2014-02-24,3743.62,1,False,0,0,0,0,0,0,0,0,0,0,0,0,0,0,0,0
10.7910/DVN/NUACCP,2013-08-27,155.53,3,False,0,1,0,0,0,0,0,0,0,0,0,0,0,0,0,0
10.7910/DVN/25540,2014-06-24,102.19,2,False,0,1,0,0,0,0,0,0,0,0,0,0,0,0,0,0
10.7910/DVN/24797,2014-03-18,47.22,1,False,0,0,0,0,0,0,0,0,0,0,0,0,0,0,0,0
10.7910/DVN/26612,2014-06-29,205059.32,34,False,0,0,0,0,5,0,0,0,0,0,0,0,0,0,0,0
10.7910/DVN/DYJVD4,2013-04-15,200.01,5,False,0,0,0,0,0,0,0,0,0,0,0,0,0,0,0,0
10.7910/DVN/29129,2015-02-15,63.2,2,False,0,1,0,0,0,0,0,0,0,0,0,0,0,0,0,0
10.7910/DVN/CJMKGX,2015-05-11,1483.32,9,True,0,2,0,0,0,0,0,0,0,0,0,0,0,0,0,0
10.7910/DVN/27325,2014-09-12,1244.79,8,False,0,0,0,0,0,0,0,0,0,0,0,0,0,0,0,0
10.7910/DVN/27631,2014-10-20,414.44,2,False,0,0,0,0,1,0,0,0,0,0,0,0,0,0,0,0
10.7910/DVN/TLT65Z,2013-02-12,14235.24,11,False,0,8,0,0,0,0,0,0,0,0,0,0,0,0,0,0
10.7910/DVN/28856,2015-03-02,1705486.62,33,False,0,23,0,0,0,0,0,0,0,0,0,0,0,0,0,0
10.7910/DVN/24789,2014-03-18,95.23,2,False,0,1,0,0,0,0,0,0,0,0,0,0,0,0,0,0
10.7910/DVN/29243,2015-03-04,436.57,7,False,0,0,0,0,0,0,0,0,0,0,0,0,0,0,0,0
10.7910/DVN/26714,2014-07-28,4461.29,4,False,0,2,0,0,0,0,0,0,0,0,0,0,0,0,0,0
10.7910/DVN/WDA163,2012-10-29,1325.74,7,False,1,2,0,0,1,0,0,0,0,0,0,0,0,0,0,0
10.7910/DVN/96KNLB,2013-04-15,20844.68,6,False,0,3,0,0,0,0,0,0,0,0,0,0,0,0,0,0
10.7910/DVN/MJSMJB,2015-05-12,431.83,10,True,0,3,0,0,0,0,0,0,0,0,0,0,0,0,0,0
10.7910/DVN/27371,2014-09-29,3525.81,2,False,0,1,0,0,0,0,0,0,0,0,0,0,0,0,0,0
10.7910/DVN/27241,2014-09-03,188.79,1,False,0,0,0,0,0,0,0,0,0,0,0,0,0,0,0,0
10.7910/DVN/26584,2014-06-25,2726.87,11,False,0,2,0,0,1,0,0,0,0,0,0,0,0,0,0,0
10.7910/DVN/OASXGA,2012-07-27,1188.83,2,False,0,1,0,0,0,0,0,0,0,0,0,0,0,0,0,0
10.7910/DVN/CV40VF,2013-02-12,871.26,7,False,0,0,0,0,0,0,0,0,0,0,0,0,0,0,0,0
10.7910/DVN/29098,2015-02-11,2668.16,8,False,0,0,0,0,1,0,0,0,0,0,0,0,0,0,0,1
10.7910/DVN/26522,2014-06-14,146.39,2,False,0,1,0,0,0,0,0,0,0,0,0,0,0,0,0,0
10.7910/DVN/AHMMUA,2013-04-15,6.0,2,False,0,1,0,0,0,0,0,0,0,0,0,0,0,0,0,0
10.7910/DVN/25615,2014-05-02,4815.17,16,False,0,7,0,0,0,0,0,0,0,0,0,0,0,0,0,0
10.7910/DVN/25707,2014-06-18,753.9,3,False,0,1,0,0,0,0,0,0,0,0,0,0,0,0,0,0
10.7910/DVN/WO5H2S,2013-11-08,128.31,1,False,0,0,0,0,0,0,0,0,0,0,0,0,0,0,0,0
10.7910/DVN/27113,2014-08-19,1471.77,2,False,0,1,0,0,0,0,0,0,0,0,0,0,0,0,0,0
10.7910/DVN/27624,2014-10-20,48612.3,3,False,0,0,0,0,1,0,0,0,0,0,0,0,0,0,0,0
10.7910/DVN/22892,2013-11-11,59.59,1,False,0,0,0,0,0,0,0,0,0,0,0,0,0,0,0,0
10.7910/DVN/29095,2015-02-11,14861.02,26,False,0,5,0,0,2,0,0,0,0,0,0,0,0,0,0,0
10.7910/DVN/23302,2013-11-12,581.06,8,False,0,2,0,0,1,0,0,0,0,0,0,0,0,0,0,0
10.7910/DVN/23063,2013-12-31,19695.37,2,False,0,0,0,0,1,0,0,0,0,0,0,0,0,0,0,0
10.7910/DVN/UDUJEI,2013-08-27,1224.51,14,False,0,0,0,0,12,0,0,0,0,0,0,0,0,0,0,0
10.7910/DVN/FREK34,2013-04-15,53.12,2,False,0,0,0,0,1,0,0,0,0,0,0,0,0,0,0,0
10.7910/DVN/0HHML7,2013-12-31,0.0,0,False,0,0,0,0,0,0,0,0,0,0,0,0,0,0,0,0
10.7910/DVN/HZAXXB,2013-07-29,4751.71,5,False,0,0,0,0,0,0,0,0,0,0,0,0,0,0,0,0
10.7910/DVN/27191,2014-08-26,395.77,4,False,0,0,0,0,0,0,0,0,0,0,0,0,0,0,0,0
10.7910/DVN/HZAG9F,2013-02-12,27.97,1,False,0,0,0,0,0,0,0,0,0,0,0,0,0,0,0,0
10.7910/DVN/28640,2015-01-19,17704.82,15,False,0,3,0,0,0,0,0,0,0,0,0,0,0,0,0,0
10.7910/DVN/OO8ZCC,2012-10-29,943.51,6,False,0,2,0,0,0,0,0,0,0,0,0,0,1,0,0,0
10.7910/DVN/27063,2014-08-19,3809.09,1,False,0,0,0,0,0,0,0,0,0,0,0,0,0,0,0,0
10.7910/DVN/WCH6ZH,2015-04-21,139.6,5,True,0,0,0,0,2,0,0,0,0,0,0,0,0,0,0,0
10.7910/DVN/6EBCGA,2013-06-11,661.52,2,False,0,1,0,0,0,0,0,0,0,0,0,0,0,0,0,0
10.7910/DVN/26943,2014-08-07,66.3,3,False,0,0,0,0,0,0,0,0,0,0,0,0,0,0,0,0
10.7910/DVN/28870,2015-02-06,371.29,11,False,0,0,0,0,8,0,0,0,0,0,0,0,0,0,0,0
10.7910/DVN/26586,2014-06-25,49.47,2,False,0,0,0,0,1,0,0,0,0,0,0,0,0,0,0,0
10.7910/DVN/2EJIZJ,2015-04-21,1094.84,1,True,0,0,0,0,0,0,0,0,0,0,0,0,0,0,0,0
10.7910/DVN/29375,2015-03-17,14472.36,8,True,0,1,0,0,0,0,0,0,0,0,0,0,0,0,0,0
10.7910/DVN/24859,2014-03-18,17.18,2,False,0,1,0,0,0,0,0,0,0,0,0,0,0,0,0,0
10.7910/DVN/29040,2015-02-09,2910.74,5,False,0,1,0,0,0,0,0,0,0,0,0,0,0,0,0,0
10.7910/DVN/29405,2015-07-06,3696.27,38,False,0,0,0,0,4,0,0,0,0,0,0,0,0,0,0,0
10.7910/DVN/23851,2013-12-31,14790.52,6,False,0,3,0,0,0,0,0,0,0,0,0,0,0,0,0,0
10.7910/DVN/24707,2014-02-24,87.07,1,False,0,0,0,0,0,0,0,0,0,0,0,0,0,0,0,0
10.7910/DVN/RIOEAY,2015-06-04,210295.09,20,True,0,2,0,0,2,0,0,0,0,0,0,0,0,0,0,0
10.7910/DVN/27662,2014-10-22,412.5,2,False,0,1,0,0,0,0,0,0,0,0,0,0,0,0,0,0
10.7910/DVN/28582,2015-01-06,3.94,2,False,0,0,0,0,1,0,0,0,0,0,0,0,0,0,0,0
10.7910/DVN/NAY8YW,2013-02-12,6413.36,5,False,0,0,0,0,0,0,0,0,0,0,0,0,0,0,0,0
10.7910/DVN/25505,2014-04-15,1982.55,3,False,0,1,0,0,1,0,0,0,0,0,0,0,0,0,0,0
10.7910/DVN/28750,2015-02-03,2742.06,2,False,0,1,0,0,0,0,0,0,0,0,0,0,0,0,0,0
10.7910/DVN/HWW8DP,2013-07-29,2780.43,23,False,0,0,0,0,12,0,0,0,0,0,0,0,0,0,0,0
10.7910/DVN/29080,2015-02-12,4594.98,5,False,0,2,0,0,1,0,0,0,0,0,0,0,0,0,0,0
10.7910/DVN/25302,2014-03-31,3588.07,3,False,0,0,0,0,1,0,0,0,0,0,0,0,0,0,0,0
10.7910/DVN/OMESOW,2012-05-30,1102.2,12,False,0,0,0,0,5,0,0,0,0,0,0,0,0,0,0,0
10.7910/DVN/29242,2015-02-26,14.12,2,False,0,1,0,0,0,0,0,0,0,0,0,0,0,0,0,0
10.7910/DVN/24975,2014-03-18,59.09,4,False,0,1,0,0,0,0,0,0,0,0,0,0,0,0,0,0
10.7910/DVN/E9S0VN,2013-06-11,291.45,11,False,0,4,0,0,0,0,0,0,0,0,0,0,0,0,0,0
10.7910/DVN/24507,2014-01-27,49.41,1,False,0,0,0,0,0,0,0,0,0,0,0,0,0,0,0,0
10.7910/DVN1/22651,2013-11-08,15534.86,1,False,0,0,0,0,0,0,0,0,0,0,0,0,0,0,0,0
10.7910/DVN/27217,2014-09-03,68613.11,3,False,0,1,0,0,0,0,0,0,0,0,0,0,0,0,0,0
10.7910/DVN/JCGCT5,2013-07-29,137.03,3,False,0,1,0,0,0,0,0,0,0,0,0,0,0,0,0,0
10.7910/DVN/LUBZFJ,2013-07-29,4753.59,4,False,0,2,0,0,0,0,0,0,0,0,0,0,0,0,0,0
10.7910/DVN/5CVUVU,2013-08-27,1068.02,4,False,0,1,0,0,0,0,0,0,0,0,0,0,0,0,0,0
10.7910/DVN/R3KIIF,2013-11-08,77.27,13,False,0,0,0,0,0,0,0,0,0,0,0,0,0,0,13,0
10.7910/DVN/E5ZSZR,2012-06-28,226.65,3,False,0,1,0,0,0,0,0,0,0,0,0,0,0,0,0,0
10.7910/DVN/PWRN9K,2012-10-29,557.53,14,False,0,0,0,0,4,0,0,0,0,0,0,0,0,0,0,0
10.7910/DVN/K9ARGB,2013-05-06,285.4,4,False,0,0,0,0,0,0,0,0,0,0,0,0,0,0,0,0
10.7910/DVN/UQLKRY,2013-07-29,1310467.02,8,False,0,0,0,0,0,0,0,0,0,0,0,0,0,0,0,0
10.7910/DVN/HBPR8R,2013-02-12,1488.01,4,False,0,0,0,0,0,0,0,3,0,0,0,0,0,0,0,0
10.7910/DVN/26490,2014-06-11,145.38,2,False,0,0,0,0,0,0,0,0,0,0,0,0,0,0,0,0
10.7910/DVN/26638,2014-07-02,602267.89,1,False,0,0,0,0,0,0,0,0,0,0,0,0,0,0,0,0
10.7910/DVN/NMA2WY,2013-09-06,14721.36,14,False,0,2,0,0,3,0,0,0,0,0,0,0,0,0,0,0
10.7910/DVN/27701,2014-10-27,553.26,6,False,0,0,0,0,0,0,0,0,0,0,0,0,0,0,0,0
10.7910/DVN/23454,2013-12-06,360.64,1,False,0,0,0,0,0,0,0,0,0,0,0,0,0,0,0,0
10.7910/DVN/26570,2014-06-24,5035.12,44,False,0,2,0,0,30,0,0,0,0,0,0,0,0,0,0,0
10.7910/DVN/193ZDD,2015-05-13,610.4,21,True,0,1,0,0,8,0,0,0,0,0,0,0,0,0,0,0
10.7910/DVN/FHOJ3L,2013-08-27,41976.53,9,False,0,6,0,0,0,0,0,0,0,0,0,0,0,0,0,0
10.7910/DVN/UJYLT0,2012-10-29,110.49,3,False,0,1,0,0,0,0,0,0,0,0,0,0,0,0,0,0
10.7910/DVN/VWBP3L,2013-09-06,2777.79,2,False,0,1,0,0,0,0,0,0,0,0,0,0,0,0,0,0
10.7910/DVN/23972,2013-12-31,22.86,4,False,0,1,0,0,1,0,0,0,0,0,0,0,2,0,0,0
10.7910/DVN/DG6BS4,2013-08-27,335.7,3,False,0,1,0,0,0,0,0,0,0,0,0,0,0,0,0,0
10.7910/DVN/UYGSCI,2012-07-27,39.38,2,False,0,0,0,0,0,0,0,0,0,0,0,0,0,0,0,0
10.7910/DVN/25531,2014-06-24,44.23,2,False,0,1,0,0,0,0,0,0,0,0,0,0,0,0,0,0
10.7910/DVN/SRLERE,2013-02-12,301.57,2,False,0,1,0,0,0,0,0,0,0,0,0,0,0,0,0,0
10.7910/DVN/23818,2013-12-31,2278.67,10,False,0,0,0,0,8,0,0,0,0,0,0,0,0,0,0,0
10.7910/DVN/26662,2014-07-11,2923.96,5,False,0,0,0,0,0,0,0,0,0,0,0,0,0,0,0,0
10.7910/DVN/24220,2014-01-27,202122.2,63,False,0,2,0,0,24,0,0,0,0,0,0,0,0,0,0,0
10.7910/DVN/ZSDJGT,2013-02-12,256.68,7,False,0,2,0,0,0,0,0,0,0,0,0,0,0,0,0,0
10.7910/DVN/NMJAFC,2012-07-27,149.08,1,False,0,0,0,0,0,0,0,0,0,0,0,0,0,0,0,0
10.7910/DVN/25423,2014-04-17,62653.33,10,False,0,3,0,0,0,0,0,0,0,0,0,0,0,0,0,0
10.7910/DVN/29591,2015-08-26,10287.18,15,True,0,4,0,0,3,0,0,0,0,0,0,0,0,0,0,0
10.7910/DVN/24714,2014-02-24,59.58,2,False,0,0,0,0,1,0,0,0,0,0,0,0,0,0,0,0
10.7910/DVN/23958,2013-12-31,268.77,4,False,0,1,0,0,0,0,0,0,0,0,0,0,0,0,0,0
10.7910/DVN/6TFUSP,2013-07-29,3282.69,2,False,0,1,0,0,0,0,0,0,0,0,0,0,0,0,0,0
10.7910/DVN/GMZM4D,2012-07-27,80.39,4,False,0,4,0,0,0,0,0,0,0,0,0,0,0,0,0,0
10.7910/DVN/FERDAN,2013-05-06,24932.03,13,False,0,3,0,0,0,0,0,0,0,0,0,0,0,0,0,0
10.7910/DVN/INOLBS,2013-07-29,2078.52,4,False,0,1,0,0,0,0,0,0,0,0,0,0,0,0,0,0
10.7910/DVN/27584,2014-10-20,6116.6,1,False,0,0,0,0,0,0,0,0,0,0,0,0,0,0,0,0
10.7910/DVN/26936,2014-08-04,2234.63,3,False,0,2,0,0,0,0,0,0,0,0,0,0,0,0,0,0
10.7910/DVN/27682,2014-10-23,9646.91,1,False,0,0,0,0,0,0,0,0,0,0,0,0,0,0,0,0
10.7910/DVN/ZMG1IQ,2013-06-11,278.19,1,False,0,0,0,0,0,0,0,0,0,0,0,0,0,0,0,0
10.7910/DVN/RPD7KA,2015-05-06,17449.97,22,True,0,13,0,0,0,0,0,0,0,0,0,0,0,0,0,0
10.7910/DVN/NVYIS9,2012-10-29,1545.92,2,False,0,0,0,0,0,0,0,0,0,0,0,0,0,0,0,0
10.7910/DVN/FKNFJJ,2013-04-15,321.59,2,False,0,0,0,0,0,0,0,0,0,0,0,0,0,0,0,0
10.7910/DVN/PYKLCA,2012-10-29,89708.6,9,False,0,3,0,0,0,0,0,0,0,0,0,0,0,0,0,0
10.7910/DVN/CNNXPB,2013-07-29,519.04,5,False,0,2,0,0,0,0,0,0,0,0,0,0,0,0,0,0
10.7910/DVN/HUZNE2,2012-07-27,52227.91,7,False,0,0,0,0,0,0,0,0,0,0,0,0,0,0,0,0
10.7910/DVN/DMIDY8,2013-06-11,461.71,3,False,0,1,0,0,0,0,0,0,0,0,0,0,0,0,0,0
10.7910/DVN/Y43XZR,2019-02-15,5223.99,4,True,0,1,0,0,0,0,0,0,0,0,0,0,0,0,0,0
10.7910/DVN/VVCBHZ,2012-10-29,12.05,1,False,0,0,0,0,0,0,0,0,0,0,0,0,0,0,0,0
10.7910/DVN/24591,2014-02-24,60.05,2,False,0,1,0,0,0,0,0,0,0,0,0,0,0,0,0,0
10.7910/DVN/KKTXVB,2013-04-15,163.93,10,False,1,0,0,0,8,0,0,0,0,0,0,0,0,0,0,0
10.7910/DVN/22976,2013-11-08,1050.56,13,False,0,1,0,0,1,0,0,0,0,0,0,0,0,0,0,0
10.7910/DVN/TW5FHR,2013-08-27,6250.42,2,False,0,1,0,0,0,0,0,0,0,0,0,0,0,0,0,0
10.7910/DVN/DVP0UW,2013-08-27,656.73,2,False,0,1,0,0,0,0,0,0,0,0,0,0,0,0,0,0
10.7910/DVN/AMMI3S,2013-02-12,1214.03,2,False,0,1,0,0,0,0,0,0,0,0,0,0,0,0,0,0
10.7910/DVN/XDUWWY,2013-09-05,33607.35,6,False,0,4,0,0,0,0,0,0,0,0,0,0,0,0,0,0
10.7910/DVN/NY6NSO,2012-06-15,377.05,6,False,0,1,0,0,0,0,0,0,0,0,0,0,0,0,0,0
10.7910/DVN/AARL5V,2012-10-29,1470.42,2,False,0,1,0,0,0,0,0,0,0,0,0,0,0,0,0,0
10.7910/DVN/XA5DRD,2012-10-29,6380.41,6,False,0,2,0,0,0,0,0,0,0,0,0,0,0,0,0,0
10.7910/DVN/MIXK94,2015-05-14,1608.63,11,True,0,1,0,0,0,0,0,0,0,0,0,0,0,0,0,0
10.7910/DVN/26642,2014-07-08,264.58,3,False,0,0,0,0,1,0,0,0,0,0,0,0,0,0,0,0
10.7910/DVN/O7DDIN,2012-05-30,360.44,4,False,0,1,0,0,0,0,0,0,0,0,0,0,0,0,0,0
10.7910/DVN/LVOSAF,2013-08-27,354.61,2,False,0,1,0,0,0,0,0,0,0,0,0,0,0,0,0,0
10.7910/DVN/AXI6U1,2015-05-06,19102.14,1,True,0,0,0,0,0,0,0,0,0,0,0,0,0,0,0,0
10.7910/DVN/24742,2014-02-24,411.18,3,False,0,0,0,0,0,0,0,0,0,0,0,0,0,0,0,0
10.7910/DVN/KCPBUO,2012-10-29,8539.36,1,False,0,0,0,0,0,0,0,0,0,0,0,0,0,0,0,0
10.7910/DVN/27718,2014-11-03,244594.71,1,False,0,0,0,0,0,0,0,0,0,0,0,0,0,0,0,0
10.7910/DVN/27597,2014-10-15,131419.27,4,False,0,1,0,0,0,0,0,0,0,0,0,0,0,0,0,0
10.7910/DVN/Y6I5ZI,2012-10-29,507.03,3,False,0,1,0,0,0,0,0,0,0,0,0,0,0,0,0,0
10.7910/DVN/24827,2014-03-18,54.89,3,False,0,1,0,0,0,0,0,0,0,0,0,0,0,0,0,0
10.7910/DVN/26721,2014-07-16,43342.3,10,False,0,5,0,0,0,0,0,0,0,0,0,0,0,0,0,0
10.7910/DVN/DDTCED,2013-02-12,14102.85,7,False,0,0,0,0,0,0,0,0,0,0,0,0,0,0,0,0
10.7910/DVN/24914,2014-03-18,2628.38,3,False,0,0,0,0,0,0,0,0,0,0,0,0,0,0,0,0
10.7910/DVN/25582,2014-04-24,1470.98,3,False,0,0,0,0,0,0,0,0,0,0,0,0,0,0,0,0
10.7910/DVN/OIHHPE,2012-04-04,2327.26,8,False,0,2,0,0,1,0,0,0,0,0,0,0,0,0,0,0
10.7910/DVN/EWG77Q,2013-08-26,542004.11,15,False,0,0,0,0,5,0,0,0,0,0,0,0,0,0,0,0
10.7910/DVN/UMIBSL,2015-05-14,832.39,10,True,0,3,0,0,2,0,0,0,0,0,0,0,0,0,0,0
10.7910/DVN/ALZVAW,2015-05-29,80129.84,24,True,0,0,0,0,11,0,0,0,0,0,0,0,0,0,0,0
10.7910/DVN/MWNBXO,2015-05-12,413.73,8,True,0,1,0,0,0,0,0,0,0,0,0,0,0,0,0,0
10.7910/DVN/5HEB4I,2015-05-07,234.34,8,True,0,3,0,0,0,0,0,0,0,0,0,0,0,0,0,0
10.7910/DVN/IYZWUD,2015-05-22,4664.82,5,True,0,1,0,0,1,0,0,0,0,0,0,0,0,0,0,0
10.7910/DVN/UJN9C3,2015-05-29,119825.87,14,True,0,1,0,0,0,0,0,0,0,0,0,0,1,0,0,0
10.7910/DVN/SPXP04,2015-07-14,268.83,6,True,0,1,0,0,0,0,0,0,0,0,0,0,0,0,0,0
10.7910/DVN/9OOLQ7,2015-06-09,4621.95,4,True,0,0,0,0,1,0,0,0,0,0,0,0,0,0,0,0
10.7910/DVN/KAQVNP,2015-05-28,595.78,9,True,0,3,0,0,0,0,0,0,0,0,0,0,0,0,0,0
10.7910/DVN/UPSRNO,2015-06-16,826.17,8,True,0,1,0,0,1,0,0,0,0,0,0,0,0,0,0,0
10.7910/DVN/OCUJ2F,2015-09-29,202.59,11,True,0,8,0,0,0,0,0,0,0,0,0,0,0,0,0,0
10.7910/DVN/4LZXTY,2015-09-02,265101.86,7,True,0,2,0,0,0,0,0,0,0,0,0,0,0,0,0,0
10.7910/DVN/SDUGCC,2015-08-04,10034.65,6,True,0,0,0,0,1,0,0,0,0,0,0,0,0,0,0,0
10.7910/DVN/7D48YB,2015-09-18,28633.32,40,True,0,9,0,0,1,0,0,0,0,0,0,0,0,0,0,0
10.7910/DVN/RJAUNW,2016-07-13,644513.93,40,True,1,1,0,0,14,0,0,0,0,0,0,0,0,5,0,0
10.7910/DVN/LP1SQY,2018-12-04,739.93,4,False,0,1,0,0,0,0,0,0,0,0,0,0,0,0,0,0
10.7910/DVN/NS3NMH,2016-05-19,225.36,8,True,0,2,0,0,0,0,0,0,0,0,0,0,0,0,0,0
10.7910/DVN/NRAQRH,2018-01-22,219162.67,46,True,0,1,0,0,6,0,0,0,0,0,0,0,0,0,0,2
10.7910/DVN/SNLKUE,2018-01-30,3587.91,29,True,0,0,0,0,0,0,0,0,0,0,0,10,0,0,0,0
10.7910/DVN/6IOACK,2018-05-21,238.99,6,True,0,0,0,0,2,0,0,0,0,0,0,0,0,0,0,0
10.7910/DVN/8R3LTP,2018-02-08,8897.9,49,True,0,0,0,0,7,0,0,1,0,0,0,0,0,0,0,0
10.7910/DVN/MYDZNF,2018-02-12,45524.96,4,True,0,0,0,0,1,0,0,0,0,0,0,0,0,0,0,0
10.7910/DVN/BRRZSK,2018-03-14,4469.6,37,True,0,3,0,0,0,0,0,0,0,0,0,0,0,0,0,0
10.7910/DVN/7EWDRF,2018-04-26,3814507.7,37,True,1,0,0,0,12,0,0,0,0,0,0,0,0,0,0,0
10.7910/DVN/TJ1ZXX,2018-04-03,8503.65,32,True,0,0,0,0,6,0,0,0,0,0,0,0,0,0,0,0
10.7910/DVN/I4KVD1,2018-03-12,786.96,11,True,0,1,0,0,0,0,0,0,0,0,0,0,0,0,0,0
10.7910/DVN/SEHMGR,2018-04-10,6212.49,34,True,0,6,0,0,4,0,0,0,0,0,0,0,0,0,0,0
10.7910/DVN/EZSJ1S,2018-02-20,1057.21,13,True,0,0,0,0,2,0,0,0,0,0,0,0,0,0,0,0
10.7910/DVN/ZYRC8S,2018-04-09,17181.94,20,True,0,9,0,0,0,0,0,0,0,0,0,0,0,0,0,0
10.7910/DVN/KYI9AR,2017-10-25,256.05,11,True,0,2,0,0,0,0,0,0,0,0,0,0,0,0,0,0
10.7910/DVN/D5DEHM,2017-10-27,314328.8,71,True,0,0,0,0,23,0,0,0,0,0,0,0,0,0,0,0
10.7910/DVN/VT4KJA,2016-03-23,4776.3,15,True,0,5,0,0,1,0,0,0,0,0,0,0,0,0,0,0
10.7910/DVN/XZFHCP,2017-04-01,56029.28,9,True,0,0,0,0,0,0,0,0,0,0,0,0,0,0,0,0
10.7910/DVN/LZGQOH,2016-12-08,112568.41,14,True,0,2,0,0,1,0,0,0,0,0,0,0,0,0,0,0
10.7910/DVN/Q8CSU8,2016-11-30,133707.66,19,True,0,5,0,0,1,0,0,0,0,0,0,0,0,0,0,0
10.7910/DVN/QTG6FQ,2016-12-16,1024.2,8,True,0,0,0,0,1,0,0,0,0,0,0,0,0,0,0,0
10.7910/DVN/GZA3GY,2017-02-14,240545.32,2,True,0,0,0,0,0,0,0,0,0,0,0,0,0,0,0,0
10.7910/DVN/LVHIYG,2016-12-28,2413.61,10,True,0,1,0,0,0,0,0,0,0,0,0,0,0,0,0,0
10.7910/DVN/TJKIWN,2017-06-14,123.11,8,True,0,3,0,0,0,0,0,0,0,0,0,0,0,0,0,0
10.7910/DVN/GDFJ4N,2017-02-12,6657.25,11,True,0,2,0,0,0,0,0,0,0,0,0,0,0,0,0,0
10.7910/DVN/W2HZSO,2016-11-08,1764.95,13,True,0,6,0,0,0,0,0,0,0,0,0,0,0,0,0,0
10.7910/DVN/RSD5BV,2017-02-14,37891.68,35,True,0,20,0,0,0,0,0,0,0,0,0,0,0,0,0,0
10.7910/DVN/FMJDCD,2016-11-30,15539.41,28,True,0,0,0,2,3,0,0,0,0,0,0,0,0,0,0,0
10.7910/DVN/TR4OUK,2017-10-25,1598.5,6,True,0,1,0,0,1,0,0,0,0,0,0,0,0,0,0,0
10.7910/DVN/VWZZLO,2017-02-23,176766.6,18,True,0,5,0,0,0,0,0,0,0,0,0,0,0,0,0,0
10.7910/DVN/BXXWWW,2016-11-03,1548.37,6,True,0,2,0,0,0,0,0,0,0,0,0,0,0,0,0,0
10.7910/DVN/WZV20D,2017-02-14,1672.49,4,True,0,0,0,0,0,0,0,0,0,0,0,0,0,0,0,0
10.7910/DVN/FPYKTP,2019-05-06,1302697.88,81,True,1,0,0,0,45,0,0,0,0,0,0,0,0,0,0,0
10.7910/DVN/R3GZZW,2017-07-05,2910.97,18,True,0,2,0,0,5,0,0,0,0,0,0,0,0,0,0,0
10.7910/DVN/LD6NL8,2017-06-28,62829.74,13,True,0,0,0,0,2,0,0,0,0,0,0,0,0,0,0,0
10.7910/DVN/XKC4R4,2017-10-24,48041.47,15,True,0,1,0,0,2,0,0,0,0,0,0,0,0,0,0,0
10.7910/DVN/2O7CN0,2018-12-04,3770.11,3,False,0,2,0,0,0,0,0,0,0,0,0,0,0,0,0,0
10.7910/DVN/RW10GZ,2017-04-30,1317.55,14,True,0,3,0,0,0,0,0,0,0,0,0,0,0,0,0,0
10.7910/DVN/YJUIBI,2017-04-15,6314.0,7,True,0,1,0,0,0,0,0,0,0,0,0,0,0,0,0,0
10.7910/DVN/QSXDUN,2017-04-19,1090.81,7,True,0,0,0,0,2,0,0,0,0,0,0,0,0,0,0,0
10.7910/DVN/K7OCDX,2018-03-05,191.28,8,True,0,2,0,0,2,0,0,0,0,0,0,0,0,0,0,0
10.7910/DVN/GTXZ4J,2017-04-26,113096.79,4,True,0,1,0,0,0,0,0,0,0,0,0,0,0,0,0,0
10.7910/DVN/PGCVDP,2017-06-12,118516.85,5,True,0,1,0,0,1,0,0,0,0,0,0,0,0,0,0,0
10.7910/DVN/VEPHLS,2017-06-23,552.11,5,True,0,1,0,0,1,0,0,0,0,0,0,0,0,0,0,0
10.7910/DVN/BFLPBK,2017-06-06,522920.53,50,True,0,9,0,0,0,0,0,0,0,0,0,0,0,0,0,0
10.7910/DVN/HIQ4BV,2017-08-24,5924.81,41,True,0,1,0,0,1,0,0,0,0,0,0,0,0,0,0,0
10.7910/DVN/J2FA5R,2017-06-29,7154.71,21,True,0,4,0,0,0,0,0,4,0,0,0,0,0,0,0,0
10.7910/DVN/XBNJD9,2017-12-22,1949870.62,72,True,4,0,0,6,22,0,0,0,0,0,0,0,0,0,0,0
10.7910/DVN/WTUGFZ,2016-03-04,1760.25,20,True,0,0,0,0,0,0,0,0,0,0,0,1,0,0,0,0
10.7910/DVN/1HOVTU,2016-02-17,792.12,6,True,0,2,0,0,0,0,0,0,0,0,0,0,0,0,0,0
10.7910/DVN/TMTCZD,2015-11-13,11825.83,12,True,0,3,0,0,0,0,0,0,0,0,0,0,0,0,0,0
10.7910/DVN/NC06GQ,2015-10-31,6366.55,21,True,0,10,0,0,8,0,0,0,0,0,0,0,0,0,0,0
10.7910/DVN/YZQTAH,2015-11-23,1041.87,5,True,0,1,0,0,0,0,0,0,0,0,0,0,0,0,0,0
10.7910/DVN/K6ZOOW,2016-04-11,34731.32,8,True,0,0,0,0,0,0,0,0,0,0,0,0,0,0,0,0
10.7910/DVN/W1YJZQ,2015-10-21,16076.12,33,True,0,0,0,0,13,0,0,0,0,0,0,0,0,0,0,0
10.7910/DVN/IXWZZO,2016-11-03,540.16,9,True,0,4,0,0,0,0,0,0,0,0,0,0,0,0,0,0
10.7910/DVN/8GEYKS,2015-12-04,1041.48,28,True,0,0,0,0,24,0,0,0,0,0,0,0,0,0,0,0
10.7910/DVN/QUHIIE,2015-12-11,2007.24,28,True,0,8,0,0,0,0,0,0,0,0,0,0,0,0,0,0
10.7910/DVN/4XI0UG,2017-09-27,244.72,8,True,0,2,0,0,0,0,0,0,0,0,0,0,0,0,0,0
10.7910/DVN/PL2XFD,2017-11-29,414213.75,24,True,0,4,0,0,0,0,0,0,0,0,0,0,0,0,0,0
10.7910/DVN/FS90RJ,2016-05-17,380.15,4,True,0,0,0,0,2,0,0,0,0,0,0,0,0,0,0,0
10.7910/DVN/DSDNX6,2016-04-13,681.07,8,True,0,1,0,0,0,0,0,0,0,0,0,0,0,0,0,0
10.7910/DVN/WVQ10L,2015-11-20,114647.88,24,True,0,4,0,0,0,0,0,0,0,0,0,0,0,0,0,0
10.7910/DVN/UQAIZI,2017-01-28,3409.76,6,True,0,1,0,0,0,0,0,0,0,0,0,0,0,0,0,0
10.7910/DVN/NMJ4W9,2017-04-06,827.47,17,True,0,1,0,0,10,0,0,0,0,0,0,0,0,0,0,0
10.7910/DVN/I0VEMG,2017-05-19,59942.16,76,True,0,0,0,0,60,0,0,0,0,0,0,0,0,0,0,0
10.7910/DVN/ZSYWHO,2016-06-14,38233.97,10,True,0,1,0,0,0,0,0,0,0,0,0,0,0,0,0,0
10.7910/DVN/2XP8YF,2016-04-21,98.69,12,True,0,0,0,0,1,0,0,0,0,0,0,0,0,0,0,0
10.7910/DVN/KL7J6Z,2016-05-13,113635.69,16,True,0,2,0,0,0,0,0,0,0,0,0,0,0,0,0,0
10.7910/DVN/SURSEO,2016-06-22,1192.33,5,True,0,0,0,0,1,0,0,0,0,0,0,0,0,0,0,0
10.7910/DVN/STOQ1Q,2016-04-12,22550.25,54,True,0,26,0,0,0,0,0,0,0,0,0,0,0,0,0,0
10.7910/DVN/ZFLG25,2016-06-28,1038.08,13,True,0,1,0,0,3,0,0,0,0,0,0,0,0,0,0,0
10.7910/DVN/WOI8EU,2016-07-25,276.04,6,True,0,2,0,0,0,0,0,0,0,0,0,0,0,0,0,0
10.7910/DVN/QC0RSU,2018-12-04,169.01,8,False,0,2,0,0,1,0,0,0,0,0,0,0,0,0,0,0
10.7910/DVN/EBF7XW,2016-08-03,120809.13,24,True,0,0,0,0,5,0,0,0,0,0,0,0,0,0,0,0
10.7910/DVN/KUWA5X,2016-09-07,43720.31,53,True,0,6,0,0,7,0,0,0,0,0,0,0,0,0,0,0
10.7910/DVN/3DMNPE,2016-07-29,423.96,4,True,0,0,0,0,0,0,0,0,0,0,0,0,1,0,0,0
10.7910/DVN/PGXO5O,2017-05-10,13621.71,1,True,0,0,0,0,0,0,0,0,0,0,0,0,0,0,0,0
10.7910/DVN/PLLBQJ,2016-11-30,10063.52,12,True,0,3,0,0,2,0,0,0,0,0,0,0,0,0,0,0
10.7910/DVN/EL6ZCZ,2017-06-21,96191.39,33,True,0,0,0,0,0,0,0,0,0,0,0,0,0,0,0,0
10.7910/DVN/DJ2DPZ,2016-11-16,3104.88,33,True,0,21,0,0,0,0,0,0,0,0,0,0,0,0,0,0
10.7910/DVN/X88LYH,2016-06-29,18516.9,17,True,0,2,0,0,0,0,0,0,0,0,0,0,0,0,0,0
10.7910/DVN/8ZJBLI,2018-03-05,62023.59,21,True,0,0,0,0,8,0,0,0,0,0,0,0,0,0,0,0
10.7910/DVN/W1TDGZ,2016-10-24,1728.88,157,True,0,0,0,0,1,0,0,0,0,0,0,0,0,0,0,0
10.7910/DVN/MZKJDR,2018-02-28,865.64,4,True,0,1,0,0,0,0,0,0,0,0,0,0,0,0,0,0
10.7910/DVN/TVZQG6,2018-06-29,98020.03,34,True,0,5,0,0,0,0,0,0,0,0,0,0,0,0,0,0
10.7910/DVN/XZ0IZE,2018-08-22,52611.79,28,True,0,4,0,0,7,0,0,0,0,0,0,0,0,0,0,0
10.7910/DVN/2E2M9Z,2018-04-11,9577.91,14,True,0,5,0,0,2,0,0,0,0,0,0,0,0,0,0,0
10.7910/DVN/ROLEY5,2018-05-02,119547.03,18,True,0,4,0,0,0,0,0,0,0,0,0,0,0,0,0,0
10.7910/DVN/I1HVCJ,2018-06-29,23493.75,16,True,0,3,0,0,0,0,0,0,0,0,0,0,0,0,0,0
10.7910/DVN/SSEN5A,2019-02-18,16158.59,27,True,0,8,0,0,6,0,0,0,0,0,0,0,0,0,0,0
10.7910/DVN/OGVWDE,2018-10-15,2509.66,31,True,0,15,0,0,8,0,0,0,0,0,0,0,0,0,0,0
10.7910/DVN/EWRXPU,2018-10-05,27990.4,27,True,0,18,0,0,0,0,0,0,0,0,0,0,0,0,0,0
10.7910/DVN/HUZGPJ,2019-01-04,670.72,13,True,0,1,0,0,1,0,0,0,0,0,0,0,0,0,0,0
10.7910/DVN/SZ9YXZ,2019-02-04,3424.47,12,True,0,0,0,0,6,0,0,0,0,0,0,0,0,0,0,0
10.7910/DVN/ZUH3UG,2019-05-06,38421.85,30,True,0,0,0,0,11,0,0,0,0,0,0,0,0,0,0,0
10.7910/DVN/8KNF3I,2019-02-12,608.9,4,True,0,1,0,0,0,0,0,0,0,0,0,0,0,0,0,0
10.7910/DVN/ZSJA25,2018-09-19,12403.86,18,True,0,13,0,0,0,0,0,0,0,0,0,0,0,0,0,0
10.7910/DVN/SBOMZD,2018-09-28,9959.65,12,True,0,4,0,0,1,0,0,0,0,0,0,0,0,0,0,0
10.7910/DVN/WPVSMH,2018-11-28,108072.5,45,True,0,0,0,0,4,0,0,0,0,0,0,0,0,0,0,0
10.7910/DVN/7ZVSYO,2019-04-12,53419.17,57,True,0,0,0,0,13,0,0,0,0,0,0,0,0,0,0,0
10.7910/DVN/9SF3TI,2019-02-22,606101.46,33,True,0,0,0,0,12,0,0,0,0,0,0,0,0,0,0,0
10.7910/DVN/MPQQC0,2017-05-15,37602.92,91,True,0,21,0,0,1,0,0,0,0,0,0,0,0,0,0,0
10.7910/DVN/ZXZMJB,2015-07-31,1186207.56,26,True,0,0,0,0,3,0,0,0,0,0,0,0,0,0,0,0
10.7910/DVN/BLXMCY,2015-09-24,4203.11,16,True,0,5,0,0,0,0,0,0,0,0,0,0,0,0,0,0
10.7910/DVN/INXGMT,2015-08-18,2952297.43,34,True,0,8,0,0,0,0,0,0,0,0,0,0,0,0,0,0
10.7910/DVN/9TPNOT,2015-06-09,393.09,4,True,0,1,0,0,0,0,0,0,0,0,0,0,0,0,0,0
10.7910/DVN/4FCVUR,2015-07-29,29675.97,133,True,0,36,0,0,10,0,0,0,0,0,0,0,0,0,0,0
10.7910/DVN/S9MIJU,2016-11-01,3726.62,21,True,0,2,0,0,2,0,0,0,0,0,0,0,0,0,0,0
10.7910/DVN/DTFR60,2016-07-25,27718.65,10,True,0,2,0,0,1,0,0,0,0,0,0,0,0,0,0,0
10.7910/DVN/WPKTKJ,2016-08-07,2460.03,13,True,0,0,0,0,5,0,0,0,0,0,0,0,0,0,0,0
10.7910/DVN/AIRCBB,2015-10-16,7564.42,15,False,0,1,0,0,4,0,0,0,0,0,0,0,0,0,0,0
10.7910/DVN/OJCQ5O,2015-08-28,858.23,14,True,0,9,0,0,0,0,0,0,0,0,0,0,0,0,0,0
10.7910/DVN/GKASQ5,2015-07-09,718.47,6,True,0,1,0,0,1,0,0,0,0,0,0,0,0,0,0,0
10.7910/DVN/E9UQ0S,2015-09-02,12522.81,80,True,0,13,0,0,0,0,0,0,0,0,0,0,0,0,0,0
10.7910/DVN/WTURMZ,2015-10-13,195847.45,7,True,0,1,0,0,0,0,0,0,0,0,0,0,0,0,0,0
10.7910/DVN/O3A06T,2015-10-20,6009.47,7,True,0,2,0,0,0,0,0,0,0,0,0,0,0,0,0,0
10.7910/DVN/HPB1CA,2015-09-23,144.6,7,True,0,0,0,0,2,0,0,0,0,0,0,0,0,0,0,0
10.7910/DVN/03MTMJ,2015-11-20,941.33,35,True,0,12,0,0,0,0,0,0,0,0,0,0,0,0,0,0
10.7910/DVN/IIYGGX,2016-02-05,48455.08,62,True,0,0,0,0,18,0,0,0,0,0,0,0,0,0,0,0
10.7910/DVN/OX5CZF,2015-10-21,65.52,4,True,0,1,0,0,0,0,0,0,0,0,0,0,0,0,0,0
10.7910/DVN/TIXGF8,2016-02-15,91051.18,21,True,0,8,0,0,0,0,0,0,0,0,0,0,0,0,0,0
10.7910/DVN/BPON3K,2017-07-26,6965.84,34,True,0,0,0,0,26,0,0,0,0,0,0,0,0,0,0,0
10.7910/DVN/SRPTCV,2017-12-11,144370.85,13,True,0,1,0,0,5,0,0,0,0,0,0,0,0,0,0,0
10.7910/DVN/ACYZIC,2017-12-12,860.04,7,True,0,0,0,0,2,0,0,0,0,0,0,0,0,0,0,0
10.7910/DVN/JTV6W6,2017-12-18,352.19,16,True,0,5,0,0,0,0,0,0,0,0,0,0,0,0,0,0
10.7910/DVN/H13U6G,2018-01-03,14362.69,14,True,0,3,0,0,1,0,0,0,0,0,0,0,0,0,0,0
10.7910/DVN/B9SCDJ,2018-01-12,6009.3,9,True,0,0,0,0,4,0,0,0,0,0,0,0,0,0,0,0
10.7910/DVN/HI1X4O,2018-01-19,691207.99,13,True,0,1,0,0,2,0,0,0,0,0,0,0,0,0,0,0
10.7910/DVN/9AWUYJ,2017-12-08,33864.57,34,True,0,0,0,5,9,0,0,0,0,0,0,0,0,0,0,0
10.7910/DVN/WYA1S2,2018-04-02,14566.62,4,True,0,0,0,0,1,0,0,0,0,0,0,0,0,0,0,0
10.7910/DVN/FZI6NO,2016-08-29,949.6,12,True,0,6,0,0,2,0,0,0,0,0,0,0,0,0,0,0
10.7910/DVN/LCDBRU,2016-11-30,200875.47,15,True,0,0,0,0,3,0,0,0,0,0,0,0,0,0,0,0
10.7910/DVN/GPRVC6,2018-10-11,2269625.53,34,True,0,9,0,0,1,0,0,0,0,0,0,0,0,0,0,0
10.7910/DVN/XYUWYJ,2018-09-20,298416.66,134,True,0,35,0,0,5,0,0,0,0,0,0,0,0,0,0,0
10.7910/DVN/WGWMAV,2018-07-23,86163.76,9,True,0,1,0,0,0,0,0,0,0,0,0,0,0,0,0,0
10.7910/DVN/WKJJ3Z,2018-07-10,173070.66,64,True,0,0,0,0,12,0,0,0,0,0,0,0,0,0,0,2
10.7910/DVN/QBHGRC,2018-06-21,598424.49,17,True,0,7,0,0,0,0,0,0,0,0,0,0,0,0,0,0
10.7910/DVN/LNUYXZ,2018-04-12,802634.39,27,True,0,0,0,0,6,0,0,0,0,0,0,0,0,0,0,0
10.7910/DVN/YWZBUJ,2018-07-23,1156.19,10,True,0,4,0,0,0,0,0,0,0,0,0,0,0,0,0,0
10.7910/DVN/3DK6JA,2018-10-15,26295.06,18,True,0,1,0,0,7,0,0,0,0,0,0,0,0,0,0,0
10.7910/DVN/9IKGYY,2018-06-04,645.95,6,True,0,0,0,0,1,0,0,0,0,0,0,0,0,0,0,0
10.7910/DVN/KGIBK5,2019-03-13,97.17,8,True,0,0,0,0,4,0,0,0,0,0,0,0,0,0,0,0
10.7910/DVN/RYNSDG,2018-07-20,23825.29,8,True,0,0,0,0,1,0,0,0,0,0,0,0,0,0,0,0
10.7910/DVN/ICISE4,2018-07-03,12603.37,11,True,0,0,0,0,0,0,0,0,0,0,0,0,0,0,0,1
10.7910/DVN/OOIEAO,2018-09-17,9809.37,13,True,0,4,0,0,1,0,0,0,0,0,0,0,0,0,0,0
10.7910/DVN/7190MT,2018-08-22,764.97,10,True,0,0,0,0,2,0,0,0,0,0,0,0,0,0,0,0
10.7910/DVN/KPJUFL,2018-09-28,2095.58,5,True,0,1,0,0,0,0,0,0,0,0,0,0,0,0,0,0
10.7910/DVN/GSQG1K,2018-08-23,2220.37,12,True,0,2,0,0,0,0,0,0,0,0,0,0,0,0,0,0
10.7910/DVN/JNEQYJ,2018-09-20,40425.26,8,True,0,0,0,0,3,0,0,0,0,0,0,0,0,0,0,0
10.7910/DVN/CQXHTH,2018-09-10,5359.37,33,True,0,1,0,0,1,0,0,0,0,0,0,0,0,0,0,0
10.7910/DVN/2VF2J0,2018-10-09,89798.92,7,True,0,3,0,0,0,0,0,0,0,0,0,0,0,0,0,0
10.7910/DVN/STXADQ,2019-05-01,1324710.46,73,True,0,0,0,0,3,0,0,0,0,0,0,0,0,0,0,0
10.7910/DVN/WB0RNW,2019-04-30,4444.11,5,True,0,2,0,0,0,0,0,0,0,0,0,0,0,0,0,0
10.7910/DVN/PB8X8P,2018-10-22,4785.74,10,True,0,0,0,0,1,0,0,0,0,0,0,0,0,0,0,0
10.7910/DVN/ZRZGTT,2019-01-16,577.47,7,True,0,1,0,0,1,0,0,0,0,0,0,0,0,0,0,0
10.7910/DVN/CPVIOF,2019-03-07,405807.76,11,True,0,1,0,0,1,0,0,0,0,0,0,0,0,0,0,0
10.7910/DVN/JQEUBQ,2019-03-12,43973.77,66,True,0,0,0,0,0,0,0,0,0,0,0,0,0,0,0,0
10.7910/DVN/T8OYHT,2019-04-15,44406.22,10,True,0,1,0,0,1,0,0,0,0,0,0,0,0,0,0,0
10.7910/DVN/HWLW0J,2019-06-21,2013.58,17,True,0,0,0,0,4,0,0,0,0,0,0,0,0,0,0,0
10.7910/DVN/T21M2M,2019-05-16,1288.94,10,True,0,3,0,0,0,0,0,0,0,0,0,0,0,0,0,0
10.7910/DVN/RXXQSQ,2019-06-19,429.73,5,True,0,1,0,0,0,0,0,0,0,0,0,0,0,0,0,0
10.7910/DVN/AGIMGY,2019-02-04,105807.17,10,True,0,4,0,0,0,0,0,0,0,0,0,0,0,0,0,0
10.7910/DVN/O6VHZZ,2019-06-14,1265.88,44,True,0,0,0,0,37,0,0,0,0,0,0,0,0,0,0,0
10.7910/DVN/XJQALC,2019-06-12,1300.72,7,True,0,0,0,0,1,0,0,0,0,0,0,0,0,0,0,0
10.7910/DVN/FTFJTV,2019-03-13,2019.94,18,True,0,0,0,0,3,0,0,0,0,0,0,0,0,0,0,0
10.7910/DVN/DZ1NFG,2019-04-09,1082.56,17,True,0,7,0,0,1,0,0,0,0,0,0,0,0,0,0,0
10.7910/DVN/RLLL1V,2019-04-26,5397831.75,52,True,1,0,0,2,0,0,0,0,0,0,0,0,0,0,0,0
10.7910/DVN/YUM3K8,2019-01-18,16730.6,13,True,0,0,0,0,7,0,0,0,0,0,0,0,0,0,0,0
10.7910/DVN/VJLVYU,2019-04-15,9649.59,15,True,0,0,0,0,3,0,0,0,0,0,0,0,0,0,0,0
10.7910/DVN/BZ9Z2D,2019-05-06,554.22,29,True,0,0,0,0,23,0,0,0,0,0,0,0,0,0,0,0
10.7910/DVN/IAPQ3X,2019-03-01,3018033.76,33,True,0,18,0,0,0,0,0,0,0,0,0,0,0,0,0,0
10.7910/DVN/PGGBB4,2019-04-26,651.18,4,True,0,1,0,0,0,0,0,0,0,0,0,0,0,0,0,0
10.7910/DVN/YU84D7,2019-06-20,1260.31,6,True,0,1,0,0,0,0,0,0,0,0,0,0,0,0,0,0
10.7910/DVN/QZNGVJ,2019-05-01,4365.01,35,True,0,0,0,0,17,0,0,0,0,0,0,0,0,0,0,0
10.7910/DVN/UYXRI8,2019-06-17,27781.61,10,True,0,0,0,0,1,0,0,0,0,0,0,0,0,0,0,0
10.7910/DVN/XU8ZWB,2018-05-03,15956.79,26,True,0,7,0,0,0,0,0,0,0,0,0,0,0,0,0,0
10.7910/DVN/OJA7YS,2019-07-03,29486.53,20,True,0,3,0,0,6,0,0,0,0,0,0,0,0,0,0,0
